City_ID,City,Country,Lat,Lng,Max Temp,Humidity,Cloudiness,Wind Speed,Weather Description
0,Hermanus,ZA,-34.4187,19.2345,59.81,83,100,11.5,overcast clouds
1,Georgetown,MY,5.4112,100.3354,80.55,88,20,2.3,few clouds
2,Lebu,CL,-37.6167,-73.65,53.31,70,6,16.51,clear sky
3,Port Lincoln,AU,-34.7333,135.8667,53.51,74,73,5.12,moderate rain
4,Cabedelo,BR,-6.9811,-34.8339,86.67,69,98,11.14,overcast clouds
5,Korla,CN,41.7597,86.1469,72.7,19,3,5.1,clear sky
6,Kavaratti,IN,10.5669,72.642,81.99,73,13,11.56,few clouds
7,Norman Wells,CA,65.282,-126.8329,37.44,81,75,4.61,broken clouds
8,Jamestown,US,42.097,-79.2353,63.52,49,0,4.61,clear sky
9,Longyearbyen,SJ,78.2186,15.6401,35.69,96,86,8.01,light rain
10,Goderich,CA,43.7501,-81.7165,61.92,63,77,8.05,broken clouds
11,Adrar,MR,20.5022,-10.0711,98.28,24,64,2.1,broken clouds
12,Coquimbo,CL,-29.9533,-71.3436,58.73,72,75,6.91,broken clouds
13,La Ronge,CA,55.1001,-105.2842,57.45,47,0,9.22,clear sky
14,Kaparellion,GR,38.2333,23.2167,66.45,38,0,3.62,clear sky
15,Busselton,AU,-33.65,115.3333,54.37,65,94,2.82,overcast clouds
16,Kuzedeyevo,RU,53.3308,87.2019,46.2,56,100,2.82,overcast clouds
17,Carnarvon,AU,-24.8667,113.6333,63.46,71,0,25.28,clear sky
18,Hazorasp,UZ,41.3194,61.0742,66.04,14,0,9.24,clear sky
19,Acari,PE,-15.4311,-74.6158,73.99,46,96,10.94,overcast clouds
20,Nizhniy Tsasuchey,RU,50.5167,115.1333,40.95,66,51,7.29,light rain
21,Saint George,US,37.1041,-113.5841,79.43,22,0,3.44,clear sky
22,Sept-Iles,CA,50.2001,-66.3821,54.05,43,75,17.27,light rain
23,Mataura,NZ,-46.1927,168.8643,49.48,92,100,6.46,overcast clouds
24,Soe,ID,-9.8607,124.284,66.0,67,77,3.85,broken clouds
25,Punta Arenas,CL,-53.15,-70.9167,46.42,57,20,29.93,few clouds
26,Ushuaia,AR,-54.8,-68.3,40.66,70,40,20.71,scattered clouds
27,Puerto Ayora,EC,-0.7393,-90.3518,76.96,94,89,5.99,overcast clouds
28,Solginskiy,RU,61.05,41.3428,43.57,95,100,14.12,overcast clouds
29,Cairns,AU,-16.9167,145.7667,73.35,93,100,0.0,overcast clouds
30,Tasiilaq,GL,65.6145,-37.6368,37.26,97,98,18.59,overcast clouds
31,Rikitea,PF,-23.1203,-134.9692,70.29,70,20,16.84,few clouds
32,Bone,DE,51.9669,12.1396,61.9,64,98,9.6,light rain
33,Chokurdakh,RU,70.6333,147.9167,29.98,94,86,4.16,overcast clouds
34,Steamboat Springs,US,40.485,-106.8317,64.0,41,0,8.05,clear sky
35,Cabo San Lucas,MX,22.8909,-109.9124,90.18,74,35,5.93,scattered clouds
36,Acapulco,MX,16.8634,-99.8901,84.67,71,93,4.85,overcast clouds
37,Faya,SA,18.3851,42.4509,73.92,29,42,9.98,scattered clouds
38,Cape Town,ZA,-33.9258,18.4232,61.12,71,0,11.5,clear sky
39,Vaini,TO,-21.2,-175.2,73.56,94,75,9.22,broken clouds
40,Qaanaaq,GL,77.484,-69.3632,14.54,69,65,10.22,broken clouds
41,Bredasdorp,ZA,-34.5322,20.0403,55.96,95,100,6.85,overcast clouds
42,Lander,US,42.833,-108.7307,73.11,25,0,6.91,clear sky
43,Karaman,TR,37.0833,33.25,53.91,53,2,7.9,clear sky
44,Almeirim,BR,-1.5233,-52.5817,98.96,29,4,4.09,clear sky
45,Mirnyy,RU,62.5353,113.9611,30.24,92,99,8.99,overcast clouds
46,Thompson,CA,55.7435,-97.8558,53.76,87,75,5.75,broken clouds
47,Mahanoro,MG,-19.9,48.8,69.51,88,13,5.86,light rain
48,Severo-Kurilsk,RU,50.6789,156.125,53.08,98,100,14.23,overcast clouds
49,Terrasini,IT,38.146,13.0844,74.77,54,0,13.8,clear sky
50,Geraldton,AU,-28.7667,114.6,46.81,87,6,5.75,clear sky
51,Bethel,US,41.3712,-73.414,67.19,50,0,10.36,clear sky
52,Tarrega,ES,41.647,1.1396,68.59,65,87,3.02,overcast clouds
53,Iqaluit,CA,63.7506,-68.5145,37.13,69,20,12.66,few clouds
54,Karratha,AU,-20.7377,116.8463,76.89,26,1,10.47,light rain
55,Port Alfred,ZA,-33.5906,26.891,66.18,91,86,3.0,overcast clouds
56,Sorong,ID,-0.8833,131.25,79.09,87,100,12.93,overcast clouds
57,Barrow,US,71.2906,-156.7887,33.82,86,100,18.41,light snow
58,Gat,IL,31.61,34.7642,81.39,22,0,12.08,clear sky
59,Kodiak,US,57.79,-152.4072,45.91,87,75,5.75,broken clouds
60,Laguna,US,38.421,-121.4238,88.63,48,0,3.44,clear sky
61,Kapaa,US,22.0752,-159.319,78.1,91,0,6.91,light rain
62,Bluff,NZ,-46.6,168.3333,49.8,90,100,16.91,overcast clouds
63,Clyde River,CA,70.4692,-68.5914,32.23,69,75,17.27,broken clouds
64,Airai,TL,-8.9266,125.4092,59.59,76,18,1.63,few clouds
65,Dalbeattie,GB,54.9328,-3.8227,54.84,65,48,5.44,scattered clouds
66,Mahebourg,MU,-20.4081,57.7,71.89,73,75,17.27,broken clouds
67,Monte Alegre,BR,-2.0078,-54.0692,99.86,25,9,4.05,clear sky
68,Cherskiy,RU,68.75,161.3,27.68,84,41,8.95,scattered clouds
69,Saint-Philippe,RE,-21.3585,55.7679,69.39,83,34,15.68,light rain
70,Kloulklubed,PW,7.0419,134.2556,83.61,73,96,11.21,overcast clouds
71,Pokrovsk,UA,48.282,37.1758,52.59,59,99,10.0,overcast clouds
72,New Norfolk,AU,-42.7826,147.0587,40.71,85,83,2.39,broken clouds
73,Saldanha,ZA,-33.0117,17.9442,57.25,78,100,11.18,overcast clouds
74,Dingle,PH,10.9995,122.6711,75.56,90,100,2.1,overcast clouds
75,Mao,ES,39.8885,4.2658,68.56,88,75,6.91,thunderstorm
76,Moindou,NC,-21.6924,165.677,72.73,82,0,1.79,clear sky
77,Albany,US,42.6001,-73.9662,65.44,52,21,1.01,few clouds
78,Pak Phanang,TH,8.3511,100.202,79.12,83,82,9.42,broken clouds
79,Merritt Island,US,28.5392,-80.672,88.21,57,40,10.36,scattered clouds
80,Buraydah,SA,26.326,43.975,90.05,15,0,11.03,clear sky
81,Tupa,BR,-21.9347,-50.5136,79.0,26,5,5.79,clear sky
82,Arraial Do Cabo,BR,-22.9661,-42.0278,73.36,60,0,14.97,clear sky
83,Thessalon,CA,46.2501,-83.5666,52.09,52,98,4.99,overcast clouds
84,Havre-Saint-Pierre,CA,50.2334,-63.5986,48.56,81,100,28.77,overcast clouds
85,Sinnamary,GF,5.3833,-52.95,85.73,64,28,10.36,scattered clouds
86,Harper,LR,4.375,-7.7169,78.37,83,65,7.38,broken clouds
87,Milkovo,RU,54.7167,158.6167,43.48,74,100,2.98,overcast clouds
88,Kamakwie,SL,9.5,-12.2333,77.9,93,91,4.7,light rain
89,Cam Ranh,VN,11.9214,109.1591,76.96,94,75,8.05,moderate rain
90,Ucluelet,CA,48.9329,-125.5528,58.08,94,94,0.22,overcast clouds
91,Khatanga,RU,71.9667,102.5,22.84,87,100,7.7,overcast clouds
92,San Antero,CO,9.3741,-75.7589,84.47,73,80,7.7,broken clouds
93,Nanortalik,GL,60.1432,-45.2371,42.08,97,100,12.71,overcast clouds
94,Caravelas,BR,-17.7125,-39.2481,70.95,82,100,14.05,overcast clouds
95,Torbay,CA,47.6666,-52.7314,70.57,76,20,26.46,few clouds
96,Boulsa,BF,12.6675,-0.5758,86.74,56,96,5.88,overcast clouds
97,Victoria,HK,22.2855,114.1577,83.32,76,56,8.01,broken clouds
98,Henties Bay,NA,-22.116,14.2845,55.27,88,46,8.41,scattered clouds
99,Bambous Virieux,MU,-20.3428,57.7575,71.85,73,75,17.27,light rain
100,Seoul,KR,37.5683,126.9778,63.84,97,0,3.44,clear sky
101,Waipawa,NZ,-41.4122,175.5153,48.43,96,100,9.6,overcast clouds
102,Palaikastron,GR,35.2,26.25,69.51,51,0,16.02,clear sky
103,Buenaventura,CO,3.8801,-77.0312,83.77,74,92,6.85,overcast clouds
104,Flin Flon,CA,54.7682,-101.865,62.44,45,20,9.22,few clouds
105,Nara,JP,34.6851,135.8049,63.72,81,23,0.6,few clouds
106,Collie,AU,-33.3667,116.15,41.07,89,1,0.63,clear sky
107,Markova,UA,48.6758,24.4138,44.65,80,89,5.1,overcast clouds
108,Marfino,RU,55.7028,37.3822,46.54,87,100,8.95,light intensity drizzle
109,Ponta Do Sol,PT,32.6667,-17.1,76.71,80,100,5.82,overcast clouds
110,Dunedin,NZ,-45.8742,170.5036,45.81,91,100,11.48,overcast clouds
111,Chuy,UY,-33.6971,-53.4616,63.66,48,24,6.62,few clouds
112,Souillac,MU,-20.5167,57.5167,71.98,73,75,17.27,light rain
113,Quang Ngai,VN,15.1167,108.8,74.1,92,100,5.41,overcast clouds
114,Paamiut,GL,61.994,-49.6678,39.94,79,94,19.77,overcast clouds
115,Sobolevo,RU,54.4299,31.8996,46.56,89,100,17.38,light rain
116,Faanui,PF,-16.4833,-151.75,77.49,75,56,20.04,light rain
117,Hithadhoo,MV,-0.6,73.0833,81.61,72,80,6.11,broken clouds
118,Marienburg,PL,54.0359,19.0266,55.89,57,100,3.49,overcast clouds
119,Fortuna,US,40.5982,-124.1573,77.65,43,3,4.59,clear sky
120,Araouane,ML,18.9048,-3.5265,104.18,12,27,6.49,scattered clouds
121,Kodinsk,RU,58.6881,99.1844,27.81,97,24,3.85,few clouds
122,Cidreira,BR,-30.1811,-50.2056,62.38,60,0,11.43,clear sky
123,East London,ZA,-33.0153,27.9116,67.14,88,0,6.91,clear sky
124,Half Moon Bay,US,37.4636,-122.4286,84.54,66,0,3.44,clear sky
125,San Patricio,US,28.017,-97.5169,90.91,51,79,10.63,broken clouds
126,Babai,IN,22.7,77.9333,72.68,95,100,5.14,overcast clouds
127,Zhanaozen,KZ,43.3,52.8,76.66,47,1,6.62,clear sky
128,Upernavik,GL,72.7868,-56.1549,30.25,91,63,8.63,light snow
129,Hilo,US,19.7297,-155.09,80.28,89,100,1.99,overcast clouds
130,Soyo,AO,-6.1349,12.3689,74.19,83,100,9.22,overcast clouds
131,Isla Vista,US,34.4133,-119.861,88.3,33,0,6.13,clear sky
132,Tura,IN,25.5198,90.2201,73.36,92,100,3.2,overcast clouds
133,Saskylakh,RU,71.9167,114.0833,25.65,96,100,5.53,overcast clouds
134,Atuona,PF,-9.8,-139.0333,76.6,78,25,19.04,scattered clouds
135,Kardla,EE,58.9978,22.7492,49.8,81,37,3.38,scattered clouds
136,Lae,PG,-6.7221,146.9847,73.96,84,51,5.59,broken clouds
137,Tuktoyaktuk,CA,69.4541,-133.0374,32.0,86,100,11.5,overcast clouds
138,Pevek,RU,69.7008,170.3133,30.78,73,100,14.18,overcast clouds
139,Klaksvik,FO,62.2266,-6.589,50.92,91,100,15.41,overcast clouds
140,Varkkallai,IN,8.7341,76.7067,82.18,86,95,10.11,overcast clouds
141,Bonavista,CA,48.6499,-53.1147,64.15,76,15,28.12,few clouds
142,Kolda,SN,12.8833,-14.95,93.51,59,40,4.61,scattered clouds
143,Maturin,VE,9.75,-63.1767,92.89,46,36,6.91,scattered clouds
144,Esperance,AU,-33.8667,121.9,56.35,54,59,10.11,broken clouds
145,Kaitangata,NZ,-46.2817,169.8464,46.92,93,100,11.81,overcast clouds
146,Gazli,UZ,40.1333,63.45,80.04,16,2,6.69,clear sky
147,Mar Del Plata,AR,-38.0023,-57.5575,71.62,49,0,9.22,clear sky
148,North Vernon,US,39.0062,-85.6236,73.71,59,74,13.69,broken clouds
149,Avarua,CK,-21.2078,-159.775,73.45,60,89,8.05,overcast clouds
150,Novobirilyussy,RU,56.9514,90.6661,37.9,87,100,3.4,light rain
151,Bilgoraj,PL,50.5411,22.722,52.38,67,96,4.5,overcast clouds
152,Novopokrovka,UA,49.8425,36.5477,48.36,76,44,8.72,light rain
153,Pisco,PE,-13.7,-76.2167,64.45,68,0,10.36,clear sky
154,Tema,GH,5.667,-0.0166,79.36,79,91,13.29,overcast clouds
155,Hobart,AU,-42.8794,147.3294,42.06,95,69,11.5,broken clouds
156,Leningradskiy,RU,69.3833,178.4167,29.32,91,100,16.75,light snow
157,Samarai,PG,-10.6167,150.6667,80.06,82,85,10.42,overcast clouds
158,Sitka,US,57.0531,-135.33,55.29,76,100,10.36,overcast clouds
159,Vranje,RS,42.5514,21.9003,53.78,43,57,4.34,broken clouds
160,Ixtapa,MX,20.7,-105.2,85.23,73,97,4.0,overcast clouds
161,Codrington,AU,-38.2667,141.9667,38.41,82,89,8.23,overcast clouds
162,Namatanai,PG,-3.6667,152.4333,79.29,81,46,7.67,light rain
163,Raudeberg,NO,61.9875,5.1352,50.67,45,62,9.24,broken clouds
164,Asau,RO,46.4333,26.4,49.28,75,71,4.5,broken clouds
165,Koungou,YT,-12.7336,45.2042,76.71,83,0,4.61,clear sky
166,Ancud,CL,-41.8697,-73.8203,52.23,71,19,7.67,few clouds
167,Cuaspud,CO,0.8628,-77.7263,53.44,82,100,6.91,overcast clouds
168,Mount Gambier,AU,-37.8333,140.7667,38.55,88,84,6.24,broken clouds
169,Srednekolymsk,RU,67.45,153.6833,30.09,87,86,3.13,overcast clouds
170,Salalah,OM,17.0151,54.0924,79.02,84,71,4.54,broken clouds
171,Kinlochleven,GB,56.7115,-4.9661,49.48,78,61,3.09,broken clouds
172,Poum,NC,-20.2333,164.0167,74.84,80,0,7.72,clear sky
173,Muzhi,RU,65.3667,64.6667,31.78,96,95,6.4,overcast clouds
174,Mattru,SL,7.6244,-11.8332,74.1,97,100,6.13,moderate rain
175,Yellowknife,CA,62.456,-114.3525,41.56,60,75,15.01,broken clouds
176,Floro,NO,61.5996,5.0328,53.24,76,51,16.11,broken clouds
177,Nome,US,64.5011,-165.4064,42.87,87,100,4.61,light rain
178,Jining,CN,35.405,116.5814,55.13,61,62,6.78,broken clouds
179,Eyl,SO,7.9803,49.8164,77.68,78,77,17.81,broken clouds
180,Provideniya,RU,64.3833,-173.3,36.23,74,99,6.67,overcast clouds
181,Sao Filipe,CV,14.8961,-24.4956,79.93,78,11,10.02,few clouds
182,Conde,BR,-7.2597,-34.9075,85.46,58,40,10.36,scattered clouds
183,Port Elizabeth,ZA,-33.918,25.5701,65.32,95,0,2.3,clear sky
184,Gamba,GA,-2.65,10.0,75.85,85,82,8.21,broken clouds
185,Vila Do Maio,CV,15.1333,-23.2167,79.59,81,9,15.01,clear sky
186,Richards Bay,ZA,-28.783,32.0377,73.22,76,0,15.61,clear sky
187,Huarmey,PE,-10.0681,-78.1522,68.5,68,72,13.04,broken clouds
188,Srandakan,ID,-7.9386,110.2506,76.96,88,100,7.0,overcast clouds
189,Saint Anthony,US,45.0205,-93.218,69.49,73,40,5.75,scattered clouds
190,Andenes,NO,69.3143,16.1194,48.92,93,75,3.44,broken clouds
191,Helong,CN,42.5397,128.9972,43.92,77,3,5.91,clear sky
192,Lavrentiya,RU,65.5833,-171.0,36.66,73,100,11.65,overcast clouds
193,Atar,MR,20.5169,-13.0499,96.12,33,100,11.39,overcast clouds
194,San Cristobal,VE,7.7669,-72.225,82.58,46,87,8.68,overcast clouds
195,Talnakh,RU,69.4865,88.3972,29.21,88,77,3.22,broken clouds
196,Hami,CN,42.8,93.45,70.79,13,0,5.21,clear sky
197,Storslett,NO,69.7678,21.0247,48.2,100,75,0.0,broken clouds
198,Anadyr,RU,64.75,177.4833,32.5,93,40,8.95,light snow
199,Honiara,SB,-9.4333,159.95,77.4,88,20,3.38,few clouds
200,Tual,ID,-5.6667,132.75,81.64,73,82,13.2,broken clouds
201,Butaritari,KI,3.0707,172.7902,81.52,75,59,11.52,broken clouds
202,Champerico,GT,14.3,-91.9167,88.34,77,72,6.26,broken clouds
203,Neyshabur,IR,36.2133,58.7958,75.27,15,0,1.99,clear sky
204,Yavas,RU,54.4159,42.8491,52.29,83,85,11.77,overcast clouds
205,Katsuura,JP,35.1333,140.3,71.31,92,100,22.62,overcast clouds
206,Kyshtovka,RU,56.555,76.6271,46.49,73,96,11.01,overcast clouds
207,Tyshkivka,UA,48.4967,30.9423,51.85,60,69,9.71,broken clouds
208,Ekhabi,RU,53.5102,142.9671,50.09,97,100,18.5,moderate rain
209,Saint-Pierre,RE,-21.3393,55.4781,69.48,73,0,4.61,clear sky
210,Valparaiso,CL,-33.0393,-71.6273,57.47,95,75,11.5,broken clouds
211,Bubaque,GW,11.2833,-15.8333,80.83,78,82,13.69,light rain
212,Warrington,GB,53.3925,-2.5802,59.11,70,75,9.22,broken clouds
213,Sinjai,ID,-5.1241,120.253,73.31,80,1,3.44,clear sky
214,Asgabat,TM,37.95,58.3833,82.26,17,0,2.3,clear sky
215,Lompoc,US,34.6391,-120.4579,71.74,100,40,0.0,scattered clouds
216,Ostrovnoy,RU,68.0531,39.5131,39.27,77,100,9.08,overcast clouds
217,Aripuana,BR,-9.1667,-60.6333,88.2,51,77,4.59,broken clouds
218,Niono,ML,14.2526,-5.993,92.39,47,62,1.9,broken clouds
219,Vao,NC,-22.6667,167.4833,73.17,81,2,12.26,clear sky
220,Partizanskoye,RU,55.5006,94.39,37.65,71,85,3.98,overcast clouds
221,Hellin,ES,38.5106,-1.701,79.34,25,96,9.69,overcast clouds
222,Castro,BR,-24.7911,-50.0119,68.04,45,0,3.47,clear sky
223,Mindelo,CV,16.8901,-24.9804,85.55,66,40,9.22,light rain
224,Kieta,PG,-6.2167,155.6333,78.64,82,99,1.39,overcast clouds
225,Zyryanka,RU,65.75,150.85,27.72,85,13,7.14,few clouds
226,Vila Velha,BR,-20.3297,-40.2925,76.95,58,75,14.97,broken clouds
227,Olinda,BR,-8.0089,-34.8553,82.13,65,40,10.36,scattered clouds
228,Saint-Jean-Port-Joli,CA,47.2171,-70.2658,65.88,51,100,11.79,overcast clouds
229,Grindavik,IS,63.8424,-22.4338,54.07,100,100,36.82,fog
230,Ewo,CG,-0.8725,14.8206,78.19,75,100,4.34,overcast clouds
231,Bilibino,RU,68.0546,166.4372,24.33,90,79,2.93,broken clouds
232,Sur,OM,22.5667,59.5289,86.29,61,44,10.09,scattered clouds
233,Meulaboh,ID,4.1363,96.1285,75.61,89,97,3.71,light rain
234,Bathsheba,BB,13.2167,-59.5167,88.41,70,40,13.8,scattered clouds
235,Palmer,US,42.1584,-72.3287,67.93,44,2,5.99,clear sky
236,Karpogory,RU,64.0019,44.4451,40.03,68,100,11.14,overcast clouds
237,Badou,TG,7.5833,0.6,75.4,92,99,0.81,light rain
238,Bandarbeyla,SO,9.4942,50.8122,76.62,87,65,22.28,broken clouds
239,Tabou,CI,4.423,-7.3528,77.99,84,82,7.27,broken clouds
240,Hukuntsi,BW,-24.0,21.75,79.52,11,0,8.75,clear sky
241,Pulivendla,IN,14.4167,78.2333,81.81,57,84,11.27,broken clouds
242,Muli,MV,2.9167,73.5667,83.59,73,87,14.7,overcast clouds
243,Rawson,AR,-43.3002,-65.1023,61.12,34,63,10.47,broken clouds
244,Lasa,IT,46.6166,10.7002,49.37,99,100,2.66,overcast clouds
245,Brae,GB,60.3964,-1.353,49.28,75,99,8.7,overcast clouds
246,Portland,US,45.5234,-122.6762,70.05,73,4,4.0,clear sky
247,Dezhou,CN,37.4486,116.2925,55.22,56,87,8.95,overcast clouds
248,Tiksi,RU,71.6872,128.8694,32.61,84,89,17.07,overcast clouds
249,Male,MV,4.1748,73.5089,84.15,79,75,10.36,broken clouds
250,Pocone,BR,-16.2567,-56.6228,100.35,22,26,3.58,scattered clouds
251,Nikolskoye,RU,59.7035,30.7861,50.79,72,98,11.61,overcast clouds
252,Straseni,MD,47.1414,28.6103,48.13,83,90,3.78,overcast clouds
253,Labuhan,ID,-6.8844,112.2051,78.8,81,99,7.67,overcast clouds
254,Duncan,US,34.5023,-97.9578,97.05,27,0,9.22,clear sky
255,Penzance,GB,50.1186,-5.5371,57.88,70,43,21.54,scattered clouds
256,Son La,VN,21.3167,103.9,66.67,96,77,2.17,broken clouds
257,Campos Novos,BR,-27.4017,-51.225,66.43,37,0,1.32,clear sky
258,Ribeira Grande,PT,38.5167,-28.7,72.0,94,75,27.63,light intensity shower rain
259,Chekhov,RU,55.1431,37.4711,46.29,95,100,8.25,light rain
260,Tessalit,ML,20.1986,1.0114,98.35,16,40,11.12,scattered clouds
261,Apt,FR,43.8833,5.4,62.89,88,81,5.37,broken clouds
262,Oranjestad,AW,12.524,-70.027,89.55,62,20,19.57,few clouds
263,El Copey,CO,10.1503,-73.9614,89.35,55,96,4.76,overcast clouds
264,Avera,US,33.194,-82.5271,79.56,28,4,2.75,clear sky
265,Lorengau,PG,-2.0226,147.2712,81.75,77,72,9.82,broken clouds
266,Sandwich,US,41.6459,-88.6217,70.68,53,17,10.22,few clouds
267,Siauliai,LT,55.9333,23.3167,46.42,87,0,2.3,clear sky
268,Gairatganj,IN,23.4202,78.2385,71.38,93,85,6.69,overcast clouds
269,Ulcinj,ME,41.9294,19.2244,62.82,50,53,2.3,broken clouds
270,Hamilton,US,39.1834,-84.5333,71.26,68,97,3.0,overcast clouds
271,Lagoa,PT,39.05,-27.9833,72.09,85,64,26.62,light rain
272,Kruisfontein,ZA,-34.0033,24.7314,62.89,74,100,3.04,overcast clouds
273,Jalu,LY,29.0331,21.5482,86.81,35,75,10.92,broken clouds
274,Sarangani,PH,5.4033,125.4636,83.86,74,89,17.6,overcast clouds
275,Riviere-Au-Renard,CA,48.9957,-64.3971,46.69,90,100,33.98,overcast clouds
276,Gambela,ET,8.25,34.5833,72.97,89,80,3.98,broken clouds
277,Tammisaari,FI,59.9736,23.4339,51.91,87,40,0.98,scattered clouds
278,Svetlyy,RU,54.675,20.1347,50.97,76,94,5.84,overcast clouds
279,Onguday,RU,50.75,86.15,45.88,79,66,1.68,broken clouds
280,Tautira,PF,-17.7333,-149.15,75.76,77,49,22.39,light rain
281,Banna,PH,17.98,120.655,76.19,83,72,4.0,light rain
282,Payson,US,40.0444,-111.7321,70.41,43,0,3.0,clear sky
283,Roebourne,AU,-20.7833,117.1333,77.79,26,2,9.98,light rain
284,Margate,GB,51.3813,1.3862,59.9,79,82,8.01,broken clouds
285,Gushikawa,JP,26.3544,127.8686,79.83,88,43,11.39,scattered clouds
286,Siyabuswa,ZA,-25.1132,29.0445,78.39,35,0,19.3,clear sky
287,Saint-Francois,FR,46.4154,3.9054,63.84,59,94,3.44,light rain
288,Nabire,ID,-3.3667,135.4833,74.37,95,100,4.34,overcast clouds
289,Mehamn,NO,71.0357,27.8492,49.95,76,100,12.66,overcast clouds
290,Ust-Kulom,RU,61.6864,53.6902,41.22,85,99,10.87,overcast clouds
291,Sibu,MY,2.3,111.8167,73.71,100,40,3.44,scattered clouds
292,Cockburn Town,TC,21.4612,-71.1419,83.34,77,67,13.71,broken clouds
293,Chimbote,PE,-9.0853,-78.5783,66.51,71,96,12.68,overcast clouds
294,Beringovskiy,RU,63.05,179.3167,37.13,85,69,11.07,broken clouds
295,Miri,MY,4.4148,114.0089,75.34,100,20,4.61,few clouds
296,Nadym,RU,65.5333,72.5167,29.68,83,96,9.62,overcast clouds
297,Daru,PG,-9.0763,143.2092,77.92,87,98,11.21,overcast clouds
298,Dikson,RU,73.5069,80.5464,33.15,72,100,20.2,overcast clouds
299,Dubti,ET,11.7361,41.0853,86.23,50,91,21.16,moderate rain
300,Boa Viagem,BR,-5.1275,-39.7322,97.45,26,37,8.84,scattered clouds
301,Kpandu,GH,6.9954,0.2931,77.05,86,94,2.64,light rain
302,Dicabisagan,PH,17.0818,122.4157,77.29,91,99,8.5,overcast clouds
303,Villa Maria,AR,-32.4075,-63.2402,77.83,32,97,12.26,overcast clouds
304,Qasigiannguit,GL,68.8193,-51.1922,33.58,75,53,17.36,broken clouds
305,Cascais,PT,38.6979,-9.4215,69.66,82,20,32.99,few clouds
306,Chinchani,IN,19.8667,72.7,78.85,82,13,2.73,few clouds
307,Orbetello,IT,42.4408,11.2196,66.0,86,100,21.16,light rain
308,Saint-Augustin,CA,51.226,-58.6502,62.96,73,83,22.48,broken clouds
309,Sadat,IN,25.6833,83.2833,80.13,78,100,5.37,overcast clouds
310,Mecca,SA,21.4267,39.8261,89.04,40,43,5.66,scattered clouds
311,Pangody,RU,65.85,74.4859,29.37,80,61,8.28,broken clouds
312,Axim,GH,4.8699,-2.2405,77.36,85,38,7.56,scattered clouds
313,Holme,DK,56.1138,10.1725,58.17,80,82,6.06,broken clouds
314,Buala,SB,-8.145,159.5921,79.34,79,52,3.13,light rain
315,San Vicente,AR,-26.6167,-54.1333,73.67,28,0,2.39,clear sky
316,Evensk,RU,61.95,159.2333,35.83,66,6,10.31,clear sky
317,Portalegre,PT,39.2938,-7.4312,70.23,37,39,3.96,scattered clouds
318,Odweyne,SO,9.4092,45.064,78.53,50,90,6.89,overcast clouds
319,Ndungu,TZ,-4.3667,38.05,72.46,75,96,2.37,overcast clouds
320,Keti Bandar,PK,24.1447,67.4497,81.37,74,62,17.43,broken clouds
321,Bud,US,39.447,-86.1758,74.48,65,52,13.11,broken clouds
322,Salisbury,GB,51.0693,-1.7957,61.02,63,100,10.36,overcast clouds
323,Grand Gaube,MU,-20.0064,57.6608,72.0,74,8,8.99,light rain
324,Port-Gentil,GA,-0.7193,8.7815,76.96,88,40,13.8,scattered clouds
325,Seoni,IN,22.0833,79.5333,70.11,92,89,3.22,overcast clouds
326,Nikolayevsk-Na-Amure,RU,53.1406,140.73,49.28,97,100,14.52,light rain
327,Nyurba,RU,63.2842,118.3319,33.19,99,100,3.13,overcast clouds
328,Pinheiro,BR,-2.5214,-45.0825,88.56,53,89,2.91,overcast clouds
329,Gori,GE,41.9842,44.1158,52.41,86,100,17.72,overcast clouds
330,Palembang,ID,-2.9167,104.7458,78.89,89,40,3.44,scattered clouds
331,Hambantota,LK,6.1241,81.1185,78.98,72,74,13.04,broken clouds
332,Qandala,SO,11.472,49.8728,87.66,57,69,4.72,broken clouds
333,Darhan,MN,49.4867,105.9228,41.79,75,93,2.55,overcast clouds
334,Qingquan,CN,30.4511,115.2559,67.06,51,99,4.0,overcast clouds
335,Sovetskiy,RU,61.3614,63.5842,40.62,69,99,8.08,overcast clouds
336,Manaus,BR,-3.1019,-60.025,97.29,38,40,6.91,scattered clouds
337,Cap Malheureux,MU,-19.9842,57.6142,70.47,74,6,8.99,light rain
338,Rong Kwang,TH,18.339,100.3174,72.72,95,78,1.72,broken clouds
339,Jinchang,CN,38.4953,102.1739,60.13,30,68,3.04,broken clouds
340,Beverley,GB,53.8459,-0.4233,59.22,44,100,11.5,overcast clouds
341,Borzya,RU,50.3833,116.5167,40.5,70,43,4.03,scattered clouds
342,Teknaf,BD,20.8624,92.3058,78.94,83,98,1.28,overcast clouds
343,Marsabit,KE,2.3284,37.9899,74.01,37,12,20.49,few clouds
344,Vostok,RU,46.4856,135.8833,46.18,96,85,6.11,overcast clouds
345,Tuatapere,NZ,-46.1333,167.6833,45.45,97,100,4.65,overcast clouds
346,Ahipara,NZ,-35.1667,173.1667,54.34,81,71,6.49,broken clouds
347,Luganville,VU,-15.5333,167.1667,78.39,86,41,6.93,scattered clouds
348,Kahului,US,20.8947,-156.47,81.84,78,51,4.0,broken clouds
349,Tandalti,SD,13.0167,31.8667,88.88,39,44,3.31,scattered clouds
350,Port Hardy,CA,50.6996,-127.4199,55.58,100,100,0.0,overcast clouds
351,Barcelos,PT,41.5388,-8.6151,69.91,48,1,14.36,clear sky
352,Te Anau,NZ,-45.4167,167.7167,44.26,96,99,1.63,overcast clouds
353,Taltal,CL,-25.4,-70.4833,60.12,68,23,5.03,few clouds
354,Fort Nelson,CA,58.8053,-122.7002,51.39,46,20,5.75,few clouds
355,Hasaki,JP,35.7333,140.8333,72.28,86,100,25.12,overcast clouds
356,Chimore,BO,-16.9833,-65.1333,89.13,32,99,5.3,overcast clouds
357,Shelburne,CA,44.0787,-80.2041,61.3,51,56,7.27,broken clouds
358,Bridlington,GB,54.0831,-0.1919,56.89,71,36,18.39,scattered clouds
359,Manta,EC,-0.95,-80.7333,76.78,78,75,12.66,broken clouds
360,Saint Stephen,GB,50.3333,-4.9,57.47,72,20,11.5,few clouds
361,Sumbawanga,TZ,-7.9667,31.6167,67.69,28,40,2.62,scattered clouds
362,Orje,NO,59.4802,11.6602,50.36,91,100,3.71,overcast clouds
363,Njombe,TZ,-9.3333,34.7667,54.61,76,43,5.61,scattered clouds
364,Blois,FR,47.5833,1.3333,60.93,80,89,6.04,overcast clouds
365,Gari,RU,59.4307,62.3497,44.49,81,100,9.42,overcast clouds
366,Chapais,CA,49.7834,-74.8492,58.78,40,0,8.14,clear sky
367,Makokou,GA,0.5738,12.8642,71.96,95,99,1.05,overcast clouds
368,Dogondoutchi,NE,13.6393,4.0287,95.31,34,56,5.12,broken clouds
369,Padang,ID,-0.9492,100.3543,77.43,78,99,3.22,overcast clouds
370,Catalina,US,32.5056,-110.9211,90.1,44,2,5.01,clear sky
371,Itamaraca,BR,-7.7478,-34.8256,82.45,62,60,8.32,broken clouds
372,Carupano,VE,10.6678,-63.2585,86.16,70,36,13.65,scattered clouds
373,Auki,SB,-8.7676,160.7034,76.57,87,30,3.6,light rain
374,Bengkulu,ID,-3.8004,102.2655,74.12,94,99,4.59,moderate rain
375,Karasburg,NA,-28.0167,18.75,69.53,15,14,10.18,few clouds
376,Isangel,VU,-19.55,169.2667,75.11,88,4,6.29,clear sky
377,Nola,IT,40.922,14.5329,68.41,41,86,4.65,overcast clouds
378,Ulaangom,MN,49.9811,92.0667,52.84,57,88,3.4,overcast clouds
379,Scarborough,GB,54.2797,-0.4044,54.97,81,23,1.99,few clouds
380,Fez,MA,34.0372,-4.9998,80.85,44,40,11.5,scattered clouds
381,Pyshchug,RU,58.8873,45.7134,52.11,95,100,8.7,overcast clouds
382,Pangnirtung,CA,66.1451,-65.7125,35.38,44,25,1.05,scattered clouds
383,Sola,VU,-13.8833,167.55,80.29,80,64,16.37,broken clouds
384,North Myrtle Beach,US,33.816,-78.68,80.11,50,7,3.0,clear sky
385,Ajdabiya,LY,30.7554,20.2263,78.96,58,26,17.72,scattered clouds
386,Husavik,IS,66.0449,-17.3389,57.65,71,100,23.47,overcast clouds
387,Erenhot,CN,43.6475,111.9767,57.88,41,5,14.88,clear sky
388,Boende,CD,-0.2167,20.8667,71.04,93,99,2.04,overcast clouds
389,Moses Lake,US,47.1301,-119.2781,67.87,32,12,6.98,few clouds
390,Tado,CO,5.266,-76.5649,87.51,61,89,3.89,overcast clouds
391,Makakilo City,US,21.3469,-158.0858,79.61,78,18,5.01,few clouds
392,Paidha,UG,2.4167,30.9855,61.03,91,70,4.65,light rain
393,Emilio Carranza,MX,19.9711,-96.6114,83.82,64,15,6.73,few clouds
394,Nizwa,OM,22.9333,57.5333,89.91,21,48,4.72,scattered clouds
395,Ambatofinandrahana,MG,-20.55,46.8,57.96,83,41,6.4,scattered clouds
396,Mlonggo,ID,-6.5333,110.7,78.46,80,90,4.25,overcast clouds
397,Mananara,MG,-16.1667,49.7667,68.56,92,93,5.08,light rain
398,Xudat,AZ,41.631,48.681,64.74,74,91,26.64,light rain
399,Santa Cruz,BO,-17.8,-63.1667,87.26,32,40,13.8,scattered clouds
400,San Juan Del Cesar,CO,10.7711,-73.0031,89.11,52,48,5.23,scattered clouds
401,Lebork,PL,54.5392,17.7501,52.92,73,100,5.99,overcast clouds
402,Kutum,SD,14.2,24.6667,85.73,18,12,5.3,few clouds
403,Mogadishu,SO,2.0371,45.3438,77.52,78,4,15.43,clear sky
404,Minsk,BY,53.9,27.5667,46.15,60,84,10.04,broken clouds
405,Torit,SS,4.4133,32.5678,78.1,59,50,2.64,scattered clouds
406,Koumac,NC,-20.5667,164.2833,71.96,85,0,4.68,clear sky
407,Sume,BR,-7.6717,-36.88,94.14,23,0,12.8,clear sky
408,Villeneuve-Sur-Lot,FR,44.5,0.6667,62.65,75,98,7.34,overcast clouds
409,Tandil,AR,-37.3217,-59.1332,71.69,30,76,6.35,broken clouds
410,Anamoros,SV,13.7406,-87.8736,86.11,74,77,3.58,broken clouds
411,Werda,BW,-25.2667,23.2833,80.04,17,4,5.55,clear sky
412,Akdepe,TM,42.0551,59.3788,79.38,14,0,5.86,clear sky
413,Juegang,CN,32.3174,121.1855,69.98,62,100,7.31,overcast clouds
414,Wanning,CN,18.8003,110.3967,77.74,87,32,7.52,scattered clouds
415,Craig,US,40.5153,-107.5464,64.02,23,0,7.56,clear sky
416,Iralaya,HN,15.0,-83.2333,84.6,72,99,7.05,overcast clouds
417,Ossora,RU,59.2353,163.0719,38.07,69,4,5.7,clear sky
418,Benguela,AO,-12.5763,13.4055,70.72,80,73,5.7,broken clouds
419,Kavieng,PG,-2.5744,150.7967,80.87,79,30,12.55,light rain
420,Aquiraz,BR,-3.9014,-38.3911,84.29,62,79,12.12,broken clouds
421,Vila Franca Do Campo,PT,37.7167,-25.4333,73.81,73,91,11.32,overcast clouds
422,San Ramon,US,37.7799,-121.978,85.14,46,0,1.01,clear sky
423,Nizhniy Kuranakh,RU,58.8353,125.4869,36.41,99,100,2.82,light rain
424,Mayumba,GA,-3.432,10.6554,76.01,86,96,7.67,overcast clouds
425,Noumea,NC,-22.2763,166.4572,75.99,99,0,5.06,clear sky
426,Zhigansk,RU,66.7697,123.3711,30.83,97,100,6.96,light snow
427,Zhangye,CN,38.9342,100.4517,61.83,20,71,5.57,broken clouds
428,Emerald,AU,-23.5333,148.1667,63.05,49,0,8.39,clear sky
429,Egvekinot,RU,66.3167,-179.1667,23.09,68,92,10.69,overcast clouds
430,Wasilla,US,61.5814,-149.4394,46.74,87,40,6.91,scattered clouds
431,Moron,AR,-34.6534,-58.6198,73.8,38,48,6.76,scattered clouds
432,Belmonte,BR,-15.8631,-38.8828,75.69,89,89,8.7,light rain
433,Beirut,LB,33.8889,35.4944,76.37,56,0,6.04,clear sky
434,Yeppoon,AU,-23.1333,150.7333,60.58,73,0,4.63,clear sky
435,Riyadh,SA,24.6877,46.7219,87.93,14,0,13.98,clear sky
436,Balud,PH,10.1476,123.6953,79.36,82,99,7.11,overcast clouds
437,Sakakah,SA,29.9697,40.2064,87.13,19,0,2.48,clear sky
438,Guider,CM,9.9342,13.9486,78.96,74,89,1.83,light rain
439,Coruripe,BR,-10.1256,-36.1756,80.02,69,1,14.97,clear sky
440,Rio Gallegos,AR,-51.6226,-69.2181,48.34,33,37,27.07,scattered clouds
441,Formosa,AR,-26.1775,-58.1781,74.75,26,50,7.14,scattered clouds
442,Porosozero,RU,62.7191,32.727,42.85,91,91,8.97,overcast clouds
443,Antofagasta,CL,-23.65,-70.4,61.59,68,2,8.32,clear sky
444,Lazaro Cardenas,MX,17.9583,-102.2,84.2,71,40,4.32,scattered clouds
445,Ust-Kuyga,RU,70.0167,135.6,18.27,97,36,1.88,scattered clouds
446,Buchanan,LR,5.8808,-10.0467,76.75,89,98,7.7,moderate rain
447,Ellenabad,IN,29.45,74.65,73.53,91,94,7.65,overcast clouds
448,Ambatondrazaka,MG,-17.8333,48.4167,62.51,84,48,8.14,scattered clouds
449,Gualaquiza,EC,-3.4,-78.55,66.29,91,100,2.26,light rain
450,Praia Da Vitoria,PT,38.7333,-27.0667,74.75,86,41,20.0,light rain
451,Pedernales,DO,18.0384,-71.744,85.75,63,93,8.99,overcast clouds
452,Tezu,IN,27.9167,96.1667,72.97,93,99,3.09,light rain
453,Keetmanshoop,NA,-26.5833,18.1333,78.1,12,45,10.29,scattered clouds
454,Inuvik,CA,68.3499,-133.7218,36.36,87,75,8.05,broken clouds
455,Conversion,PH,15.8984,121.1277,72.97,95,100,3.04,light rain
456,Druskininkai,LT,54.0167,23.9667,48.22,66,45,1.7,scattered clouds
457,Tarko-Sale,RU,64.9225,77.785,29.93,81,51,9.42,broken clouds
458,Camacha,PT,33.0833,-16.3333,71.02,68,20,8.05,few clouds
459,Brignoles,FR,43.4,6.0667,64.62,83,100,3.44,overcast clouds
460,Marsh Harbour,BS,26.5412,-77.0636,83.16,71,12,11.18,few clouds
461,Hongjiang,CN,27.11,109.9956,67.48,67,92,3.69,overcast clouds
462,Maraa,BR,-1.8333,-65.3667,95.86,39,19,1.79,few clouds
463,Samana,DO,19.2056,-69.3369,86.52,67,96,5.95,overcast clouds
464,Nouadhibou,MR,20.931,-17.0347,77.13,93,100,10.0,overcast clouds
465,Zambezi,ZM,-13.5432,23.1047,78.19,18,28,6.87,scattered clouds
466,Belize,BZ,17.25,-88.75,90.37,51,88,3.98,overcast clouds
467,Vestmannaeyjar,IS,63.4427,-20.2734,52.79,100,100,25.32,overcast clouds
468,Balkhash,KZ,46.844,74.9804,65.19,36,0,13.06,clear sky
469,Tanout,NE,14.9709,8.8879,96.66,17,88,11.5,overcast clouds
470,Ilulissat,GL,69.2167,-51.1,35.62,75,40,3.44,scattered clouds
471,Karakol,KG,42.4907,78.3936,54.34,47,1,3.85,clear sky
472,Temple,US,31.0982,-97.3428,94.41,47,0,1.99,clear sky
473,Normal,US,40.5142,-88.9906,74.17,60,0,8.99,clear sky
474,Berdigestyakh,RU,62.0989,126.6992,31.24,99,100,3.2,overcast clouds
475,Kelo,TD,9.3086,15.8066,76.21,78,89,2.53,overcast clouds
476,Bafra,TR,41.5678,35.9069,62.82,78,72,6.2,broken clouds
477,Kahramanmaras,TR,38.0,37.0,49.06,74,65,6.46,broken clouds
478,Carutapera,BR,-1.195,-46.02,85.82,62,82,9.13,broken clouds
479,Kulhudhuffushi,MV,6.6221,73.07,82.58,75,63,14.09,broken clouds
480,Wenling,CN,28.3669,121.36,65.05,81,2,7.81,clear sky
481,Lyaskelya,RU,61.7667,31.0167,45.66,77,61,9.84,broken clouds
482,Graham,US,47.0529,-122.2943,67.48,72,40,5.75,scattered clouds
483,Solnechnyy,RU,50.7214,136.6319,47.89,93,100,9.78,moderate rain
484,Namibe,AO,-15.1961,12.1522,63.32,82,41,5.95,scattered clouds
485,Radolfzell,DE,47.7333,8.9667,58.05,92,100,0.22,light rain
486,Lisala,CD,2.15,21.5167,71.13,95,71,3.09,broken clouds
487,Bure,ET,10.7,37.0667,56.68,97,98,4.43,light rain
488,Aden,YE,12.7794,45.0367,89.46,64,94,2.19,overcast clouds
489,Mandalgovi,MN,45.7625,106.2708,49.06,49,80,7.29,broken clouds
490,Manokwari,ID,-0.8667,134.0833,78.46,80,100,3.83,overcast clouds
491,Methoni,GR,36.8197,21.7049,71.22,51,1,9.28,clear sky
492,Ngunguru,NZ,-35.6167,174.5,52.09,86,12,7.54,few clouds
493,Narsipatnam,IN,17.6667,82.6167,77.56,87,82,2.71,broken clouds
494,Am Timan,TD,11.0297,20.2827,77.34,81,53,2.89,broken clouds
495,Dossor,KZ,47.5272,52.9811,73.62,37,100,13.49,overcast clouds
496,Constitucion,CL,-35.3333,-72.4167,54.9,83,97,3.62,overcast clouds
497,Narsaq,GL,60.9167,-46.05,48.42,98,100,3.44,overcast clouds
498,Zhuhai,CN,22.2769,113.5678,82.85,78,20,9.22,few clouds
499,Charlestown,AU,-32.95,151.6667,54.82,95,3,1.99,clear sky
500,Pulandian,CN,39.3953,121.9669,61.36,66,100,3.31,overcast clouds
501,Baykit,RU,61.67,96.37,28.98,98,93,1.61,overcast clouds
502,Hamburg,DE,53.55,10.0,56.28,96,100,5.75,overcast clouds
503,Hofn,IS,64.2539,-15.2082,53.6,86,100,8.7,overcast clouds
504,Vestmanna,FO,62.1564,-7.1664,49.12,100,100,4.61,heavy intensity drizzle
505,Uyovu,TZ,-3.2833,31.5258,73.76,49,60,6.78,broken clouds
506,Chinsali,ZM,-10.5414,32.0816,71.69,26,49,8.08,scattered clouds
507,Tateyama,JP,34.9833,139.8667,73.09,89,98,19.42,overcast clouds
508,Yerbogachen,RU,61.2767,108.0108,26.11,98,95,4.61,overcast clouds
509,Balikpapan,ID,-1.2675,116.8289,74.39,100,20,0.0,few clouds
510,Kirovsk,UA,48.6375,38.6428,51.49,65,100,8.19,overcast clouds
511,Praia,CV,14.9215,-23.5087,79.34,89,40,5.75,scattered clouds
512,Tadine,NC,-21.55,167.8833,72.28,89,25,8.81,scattered clouds
513,Koubia,GN,11.5833,-11.9,74.08,91,96,3.44,moderate rain
514,Da Lat,VN,11.9465,108.4419,60.21,98,95,0.92,overcast clouds
515,Mansoa,GW,12.0733,-15.3189,76.59,92,98,7.23,moderate rain
516,Saravan,AM,39.7196,45.6483,58.5,43,3,1.63,clear sky
517,Chandla,IN,25.0833,80.2,77.49,85,100,6.82,overcast clouds
518,Madison,US,34.7334,-86.5667,84.33,43,0,7.0,clear sky
519,Wanaka,NZ,-44.7,169.15,44.11,83,98,0.31,overcast clouds
520,Sapouy,BF,11.5544,-1.7736,80.96,73,100,4.7,overcast clouds
521,Juneau,US,58.3019,-134.4197,51.8,94,100,4.61,light rain
522,Vanimo,PG,-2.6741,141.3028,74.91,83,46,4.92,scattered clouds
523,Zaraza,VE,9.3503,-65.3245,93.96,43,36,5.88,scattered clouds
524,Omsukchan,RU,62.5333,155.8,20.5,95,24,2.86,few clouds
525,Pyay,MM,18.8167,95.2167,75.88,97,97,4.59,overcast clouds
526,Okhotsk,RU,59.3833,143.3,40.32,52,93,8.19,overcast clouds
527,Thinadhoo,MV,0.5333,72.9333,81.32,76,100,8.81,very heavy rain
528,Lingao,CN,19.9103,109.6859,77.18,88,16,10.04,few clouds
529,Bull Savanna,JM,17.8868,-77.5902,83.1,67,91,5.82,overcast clouds
530,Nemuro,JP,43.3236,145.575,59.09,79,50,7.25,scattered clouds
531,Krasnoselkup,RU,65.7,82.4667,26.98,81,75,10.33,broken clouds
532,Kaohsiung,TW,22.6163,120.3133,81.03,84,20,4.61,few clouds
533,Falam,MM,22.9167,93.6833,62.56,99,100,0.65,light rain
534,Maniitsoq,GL,65.4167,-52.9,38.23,62,5,19.13,clear sky
535,Porto Belo,BR,-27.1578,-48.5531,73.8,63,0,7.78,clear sky
536,Tazmalt,DZ,36.3868,4.3989,81.61,33,48,14.03,scattered clouds
537,Kabompo,ZM,-13.5927,24.2008,75.16,19,47,6.04,scattered clouds
538,Omboue,GA,-1.5746,9.2618,76.48,84,87,8.7,overcast clouds
539,Kilimatinde,TZ,-5.85,34.95,75.33,44,70,9.37,broken clouds
540,Jieshi,CN,22.8134,115.8257,76.08,75,9,15.19,light rain
541,Atherton,GB,53.5237,-2.4935,58.39,72,89,6.93,overcast clouds
542,Algiers,DZ,36.7525,3.042,82.22,39,40,6.91,scattered clouds
543,Kota,IN,25.1833,75.8333,78.31,73,98,11.81,overcast clouds
544,Ambilobe,MG,-13.2,49.05,73.81,59,26,9.89,scattered clouds
545,Lagoa Vermelha,BR,-28.2086,-51.5258,63.64,48,0,4.5,clear sky
546,Dudinka,RU,69.4058,86.1778,27.28,90,98,15.3,overcast clouds
547,Nieves,PH,15.3274,120.9485,81.91,93,100,1.72,overcast clouds
548,Buarcos,PT,40.166,-8.8768,68.67,80,0,25.39,clear sky
549,Mercedes,AR,-34.6515,-59.4307,74.86,23,44,8.21,scattered clouds
550,Leopold,AU,-38.1833,144.4667,39.22,93,42,4.61,scattered clouds
551,Woodstock,CA,43.1334,-80.7497,64.81,65,59,1.99,broken clouds
552,Najran,SA,17.4924,44.1277,79.21,16,5,6.4,clear sky
553,Deputatskiy,RU,69.3,139.9,19.26,97,96,3.24,overcast clouds
554,Taoudenni,ML,22.6783,-3.9836,105.78,12,70,5.73,broken clouds
555,Bilma,NE,18.6853,12.9164,96.85,11,20,4.25,few clouds
556,Opuwo,NA,-18.0607,13.84,76.96,21,0,14.32,clear sky
557,Ambon,ID,-3.6954,128.1814,80.74,78,40,3.44,scattered clouds
558,Los Llanos De Aridane,ES,28.6585,-17.9182,70.12,97,100,6.91,overcast clouds
559,Lenart,SI,46.5761,15.8313,62.69,66,100,5.75,overcast clouds
560,Kavaje,AL,41.1856,19.5569,62.76,54,64,2.06,broken clouds
561,Port Blair,IN,11.6667,92.75,80.83,80,75,8.32,broken clouds
562,Rus,ES,38.0476,-3.4625,80.46,23,89,8.5,overcast clouds
563,Kungurtug,RU,50.5994,97.5228,36.19,67,50,0.47,scattered clouds
564,Flinders,AU,-34.5833,150.8552,52.25,90,63,1.99,broken clouds
565,Maloy,NO,61.9353,5.1136,51.53,45,62,9.78,broken clouds
566,Anqing,CN,30.5092,117.0506,63.82,64,98,4.41,overcast clouds
567,Coahuayana,MX,18.7333,-103.6833,87.94,63,20,5.14,few clouds
568,Zarubino,RU,42.63,131.0922,53.69,78,0,9.13,clear sky
569,Beisfjord,NO,68.3751,17.5988,53.04,89,90,1.45,overcast clouds
570,Culpeper,US,38.5004,-77.9664,70.56,54,40,1.01,scattered clouds
571,Mezhdurechensk,RU,53.6942,88.0603,42.35,69,89,3.0,overcast clouds
572,North Bend,US,43.4065,-124.2243,67.91,81,0,6.91,clear sky
573,Westport,US,41.1415,-73.3579,68.45,49,69,5.01,broken clouds
574,Quelimane,MZ,-17.8786,36.8883,73.89,83,40,6.2,scattered clouds
575,Agua Verde,MX,22.9,-106.05,87.89,69,77,5.41,broken clouds
576,Mali,GN,12.079,-12.2982,65.95,91,88,2.26,moderate rain
577,Serenje,ZM,-13.2325,30.2352,72.52,34,44,10.47,scattered clouds
578,Tommot,RU,58.9564,126.2925,36.28,99,100,5.06,light rain
579,Alyangula,AU,-13.8483,136.4192,64.27,88,77,0.0,broken clouds
580,Romitan,UZ,39.9343,64.3814,73.35,33,0,6.91,clear sky
581,Plouzane,FR,48.3833,-4.6167,57.38,77,20,12.66,few clouds
582,Lamu,KE,-2.2717,40.902,77.22,87,100,11.7,overcast clouds
583,Iwaki,JP,37.05,140.8833,67.77,95,100,1.01,overcast clouds
584,Ternate,ID,0.8,127.4,81.39,76,79,7.02,broken clouds
585,Bangangte,CM,5.1409,10.5198,62.33,92,50,1.05,light rain
586,Oranjemund,NA,-28.55,16.4333,55.38,82,100,12.19,overcast clouds
587,Tigre,AR,-34.426,-58.5796,75.06,36,0,11.5,clear sky
588,Bundibugyo,UG,0.7414,30.0417,67.6,97,92,2.59,moderate rain
589,Aqtobe,KZ,50.2797,57.2072,69.89,49,90,6.71,overcast clouds
590,Naze,JP,28.3667,129.4833,76.96,83,72,4.99,broken clouds
591,Chifeng,CN,42.2683,118.9636,53.98,26,56,7.36,broken clouds
592,Andapa,MG,-14.65,49.65,62.2,99,77,1.48,broken clouds
593,Mysliborz,PL,52.9238,14.8679,59.05,64,100,4.16,light rain
594,Vardo,NO,70.3705,31.1107,48.18,81,27,16.11,scattered clouds
595,Micheweni,TZ,-4.9667,39.8333,75.99,84,61,12.19,broken clouds
596,Haines Junction,CA,60.7522,-137.5108,42.75,84,99,5.64,overcast clouds
597,Ronne,DK,55.1009,14.7066,53.51,76,75,3.44,broken clouds
598,Ayan,RU,56.45,138.1667,44.82,90,100,20.49,light rain
599,San Jeronimo,PE,-11.9472,-75.2829,62.04,46,97,8.41,overcast clouds
600,Sao Joao Da Barra,BR,-21.6403,-41.0511,77.09,56,69,16.15,broken clouds
601,Gigmoto,PH,13.7796,124.39,78.33,90,100,10.38,heavy intensity rain
602,Alta Floresta,BR,-9.8756,-56.0861,96.22,28,50,1.45,scattered clouds
603,Imbituba,BR,-28.24,-48.6703,63.14,61,0,8.7,clear sky
604,Nizhniy Ingash,RU,56.2,96.53,33.44,86,68,3.31,broken clouds
605,Broken Hill,AU,-31.95,141.4333,54.86,55,0,9.19,clear sky
606,Qingyuan,CN,23.7,113.0333,82.38,83,56,1.95,broken clouds
607,Harnosand,SE,62.6323,17.9379,53.01,86,82,3.11,broken clouds
608,Bolshaya Rechka,RU,51.9503,104.7355,39.47,86,97,8.61,overcast clouds
609,Patawag,PH,8.1064,122.6208,78.21,86,100,4.9,light rain
610,Owensboro,US,37.7742,-87.1133,86.16,47,0,16.11,clear sky
611,Vung Tau,VN,10.346,107.0843,79.95,85,92,10.56,overcast clouds
612,Ekangala,ZA,-25.6962,28.7492,75.29,31,0,11.43,clear sky
613,Santa Rosa,PH,14.3122,121.1114,81.1,85,100,2.46,moderate rain
614,Tshela,CD,-4.9833,12.9333,77.18,71,100,5.82,overcast clouds
615,Bichena,ET,10.45,38.2,54.25,86,99,2.48,light rain
616,Taian,CN,36.1853,117.12,55.62,57,90,3.69,overcast clouds
617,Tamworth,GB,52.634,-1.6959,56.64,73,49,5.99,scattered clouds
618,Merauke,ID,-8.4667,140.3333,76.84,88,67,11.18,broken clouds
619,Veraval,IN,20.9,70.3667,81.27,71,32,10.65,scattered clouds
620,Novobiryusinskiy,RU,56.9578,97.7076,29.52,96,28,2.98,scattered clouds
621,Morehead,US,37.2711,-87.1764,81.79,49,0,8.05,clear sky
622,Havelock,US,34.8791,-76.9013,76.98,44,10,3.62,clear sky
623,San Lorenzo,PY,-25.3333,-57.5333,72.54,38,0,5.75,clear sky
624,Hakkari,TR,37.5833,44.1667,54.82,58,0,5.91,clear sky
625,Inhambane,MZ,-23.865,35.3833,72.5,78,0,8.48,clear sky
626,Luderitz,NA,-26.6481,15.1594,56.37,78,48,10.27,scattered clouds
627,Ampanihy,MG,-24.7,44.75,75.51,47,0,12.12,clear sky
628,Haapiti,PF,-17.5667,-149.8667,78.53,73,31,20.98,light rain
629,Abu Zabad,SD,12.35,29.25,84.58,46,5,4.05,clear sky
630,Buin,CL,-33.7333,-70.75,54.73,73,99,5.99,overcast clouds
631,Boddam,GB,57.4667,-1.7833,52.48,65,85,12.39,overcast clouds
632,Kununurra,AU,-15.7667,128.7333,73.38,83,32,0.0,scattered clouds
633,Hokitika,NZ,-42.7167,170.9667,49.48,81,56,6.31,broken clouds
634,Sibolga,ID,1.7427,98.7792,76.37,86,99,2.21,overcast clouds
635,Noyabrsk,RU,63.1994,75.4507,35.08,81,100,6.42,overcast clouds
636,Moose Factory,CA,51.2585,-80.6094,65.75,39,7,7.16,clear sky
637,Vysotskoye,RU,45.025,42.9064,50.67,85,100,9.08,overcast clouds
638,Ipixuna,BR,-1.7625,-48.8043,94.51,40,3,6.2,clear sky
639,Chicama,PE,-7.8447,-79.1469,59.54,58,63,10.65,broken clouds
640,Dzaoudzi,YT,-12.7887,45.2699,76.89,83,0,4.61,clear sky
641,Itabirito,BR,-20.2533,-43.8014,87.17,24,15,4.41,few clouds
642,Rio Grande,BR,-32.035,-52.0986,69.91,54,0,9.46,clear sky
643,Murchison,NZ,-41.8,172.3333,44.89,99,36,0.76,scattered clouds
644,Barcelona,ES,41.3888,2.159,71.15,77,40,11.5,scattered clouds
645,Monrovia,LR,6.3005,-10.7969,76.77,90,99,11.77,light rain
646,Safranbolu,TR,41.2508,32.6942,49.17,89,5,1.74,clear sky
647,Salinas,US,36.6777,-121.6555,77.61,61,0,4.61,clear sky
648,Lata,PT,40.1629,-8.3327,70.92,64,0,6.8,clear sky
649,Comodoro Rivadavia,AR,-45.8667,-67.5,64.26,27,40,18.41,scattered clouds
650,Vicuna,CL,-30.0319,-70.7081,68.77,42,40,10.2,scattered clouds
651,Kropotkin,RU,45.4375,40.5756,55.04,78,79,12.77,broken clouds
652,Suez,EG,29.9737,32.5263,79.68,55,0,14.74,clear sky
653,Hualmay,PE,-11.0964,-77.6139,66.9,69,78,12.75,broken clouds
654,Verkh-Usugli,RU,52.7,115.1667,37.4,57,91,2.48,overcast clouds
655,Santa Rosalia,MX,27.3167,-112.2833,87.91,50,0,3.4,clear sky
656,Garowe,SO,8.4054,48.4845,78.91,61,78,19.75,broken clouds
657,Olafsvik,IS,64.8945,-23.7142,52.48,94,100,43.55,light rain
658,Picos,BR,-7.0769,-41.4669,98.19,25,46,2.62,scattered clouds
659,Bartica,GY,6.4,-58.6167,84.52,41,39,0.34,scattered clouds
660,Bairiki,KI,1.3292,172.9752,80.6,83,40,6.91,light rain
661,Jinji,CN,23.2281,110.8261,79.72,70,99,1.43,overcast clouds
662,Tvrdosin,SK,49.337,19.556,45.84,85,97,3.87,overcast clouds
663,Camana,PE,-16.6228,-72.7111,64.33,68,88,9.89,overcast clouds
664,Jalingo,NG,8.8833,11.3667,78.06,86,90,1.07,overcast clouds
665,Bagdarin,RU,54.4333,113.6,29.16,68,73,1.25,broken clouds
666,Mineros,BO,-17.1167,-63.2333,91.38,29,90,9.57,overcast clouds
667,Springdale,US,36.1867,-94.1288,89.33,52,0,13.8,clear sky
668,Kalmar,SE,56.6616,16.3616,53.96,86,75,4.61,broken clouds
669,Puerto Carreno,CO,6.189,-67.4859,92.17,51,17,0.89,few clouds
670,Carbonia,IT,39.1672,8.5222,76.01,72,97,3.76,overcast clouds
671,Zhaoqing,CN,23.0512,112.4597,76.06,85,52,1.7,broken clouds
672,Dandong,CN,40.1292,124.3947,54.48,79,100,2.28,overcast clouds
673,Batagay-Alyta,RU,67.8006,130.4114,22.32,83,43,1.63,scattered clouds
674,Papillion,US,41.1544,-96.0422,85.68,35,0,17.27,clear sky
675,Tuni,IN,17.35,82.55,79.54,83,94,2.42,overcast clouds
676,Namtsy,RU,62.7161,129.6658,35.91,99,100,3.4,light rain
677,Kankon,IN,15.0167,74.0167,76.66,86,4,2.68,clear sky
678,Brzesko,PL,49.9691,20.6061,54.82,83,96,4.41,overcast clouds
679,Palauig,PH,15.435,119.9045,80.51,75,99,1.68,overcast clouds
680,Koutsouras,GR,35.0339,25.9469,69.12,50,0,11.27,clear sky
681,Kudahuvadhoo,MV,2.6708,72.8944,83.61,72,97,14.67,overcast clouds
682,Svetlogorsk,BY,52.6333,29.7333,49.57,79,89,11.48,overcast clouds
683,Ratnapura,LK,6.6828,80.3992,74.19,86,80,1.86,broken clouds
684,Xuddur,SO,4.1213,43.8894,84.15,41,89,16.58,overcast clouds
685,Santo Domingo,DO,18.5001,-69.9886,90.03,87,97,6.98,overcast clouds
686,Erdenet,MN,49.0333,104.0833,39.67,56,41,1.63,scattered clouds
687,Maldonado,UY,-34.6667,-54.9167,65.59,47,39,4.32,scattered clouds
688,Nanakuli,US,21.3906,-158.1547,82.04,76,0,4.61,moderate rain
689,Stratford-Upon-Avon,GB,52.1917,-1.7073,58.21,73,42,12.28,scattered clouds
690,Necochea,AR,-38.5473,-58.7368,65.23,49,63,7.09,broken clouds
691,Puerto Baquerizo Moreno,EC,-0.9,-89.6,70.79,78,75,18.41,broken clouds
692,Datong,CN,40.0936,113.2914,52.93,36,1,4.25,clear sky
693,Cozumel,MX,20.5083,-86.9458,91.47,71,40,10.36,scattered clouds
694,Mehriz,IR,31.5917,54.4318,79.3,15,0,2.8,clear sky
695,Tourlaville,FR,49.6383,-1.5664,59.52,72,20,5.75,few clouds
696,Kalat,PK,29.0225,66.5916,65.37,22,2,3.8,clear sky
697,Nisia Floresta,BR,-6.0911,-35.2086,85.01,56,45,11.43,scattered clouds
698,Fukue,JP,32.6881,128.8419,72.68,64,76,21.25,broken clouds
699,Nzerekore,GN,7.7562,-8.8179,73.15,94,97,2.48,moderate rain
700,Tilichiki,RU,60.4667,166.1,33.78,88,38,8.41,scattered clouds
701,Aklavik,CA,68.2191,-135.0107,37.4,93,100,5.44,overcast clouds
702,Khromtau,KZ,50.2503,58.4347,69.4,37,70,2.19,broken clouds
703,Okha,RU,53.5739,142.9478,50.18,97,100,19.82,moderate rain
704,Barranca De Upia,CO,4.5696,-72.9668,89.37,52,77,2.89,light rain
705,Genhe,CN,50.7833,121.5167,44.15,94,100,4.09,overcast clouds
706,Elizabeth City,US,36.2946,-76.2511,75.22,44,0,6.91,clear sky
707,Amberley,US,39.2048,-84.428,71.76,67,75,10.36,broken clouds
